"room.1, (5,1), new",,,,,,,,,,,,,,,,,
,w.onw,,"w.en, p.7",,w.n,,w.n,,w.n,,w.one,,,,,,
,,,,,,,,,,,,,,,,,
,"w.ew, p.3",,b.0,b.0,b.0,b.0,b.0,b.0,b.0,b.0,w.e,,,,,,
,,,b.0,"b.0,b.1","b.0, b.1",b.0,b.0,"b.0, e.Gel",b.0,b.0,,,,,,,
,w.w,,b.0,"b.0,b.1","b.0, spawn",b.0,b.0,b.0,b.0,b.0,w.e,,,,,,
,,,b.0,b.0,b.0,b.0,b.0,b.0,"b.0,i.Compass",b.0,,,,,,,
,w.w,,b.0,b.0,b.0,b.0,w.ise,,w.s,,w.ose,,,,,,
,,,b.0,b.0,b.0,b.0,,,,,,,,,,,
,w.w,,b.0,b.0,b.0,b.0,"w.ee, p.1",,,,,,,,,,
,,,"b.0, i.MapItem","b.0, i.Bow","b.0, i.Bomb",b.0,,,,,,,,,,,
,w.osw,,w.s,,w.s,,w.ose,,,,,,,,,,
,,,,,,,,,,,,,,,,,
end.room,,,,,,,,,,,,,,,,,
"room.2, (6,1), w",,,,,,,,,,,,,,,,,
,w.onw,,w.n,,w.n,,w.one,,,,,,,,,,
,,,,,,,,,,,,,,,,,
,"w.ew, p.1",b.0,b.0,b.0,"b.0, i.HeartContainerItem",b.0,w.e,,,,,,,,,,
,,b.0,b.0,b.0,"b.0, i.ClockItem",b.0,,,,,,,,,,,
,w.osw,,w.s,,w.s,,w.ose,,,,,,,,,,
,,,,,,,,,,,,,,,,,
end.room,,,,,,,,,,,,,,,,,
"room.3, (4,1), nes",,,,,,,,,,,,,,,,,
,w.onw,,w.n,,w.n,,"w.en, p.4",,w.n,,w.n,,w.one,,,,
,,,,,,,,,,,,,,,,,
,w.w,,"b.8,e.BladeTrap",b.8,b.8,b.8,b.8,b.8,b.8,b.8,b.8,"b.8,e.BladeTrap",w.e,,,,
,,,b.8,b.8,b.8,b.8,b.8,b.8,b.8,b.8,b.8,b.8,,,,,
,w.w,,b.8,b.8,b.8,b.8,b.8,b.8,b.8,b.8,b.8,b.8,"w.ee, p.3",,,,
,,,b.8,b.8,b.8,b.8,"b.8, e.Goriya",b.8,b.8,b.8,b.8,b.8,,,,,
,w.w,,b.8,b.8,b.8,b.8,b.8,b.8,b.8,b.8,b.8,b.8,w.e,,,,
,,,b.8,b.8,b.8,b.8,b.8,b.8,b.8,b.8,b.8,b.8,,,,,
,w.w,,b.8,b.8,b.8,b.8,b.8,b.8,b.8,b.8,b.8,b.8,w.e,,,,
,,,b.8,b.8,b.8,b.8,"b.8,e.Darknut",b.8,b.8,b.8,b.8,b.8,,,,,
,w.w,,b.8,b.8,b.8,b.8,b.8,b.8,b.8,b.8,b.8,b.8,w.e,,,,
,,,"b.8, i.RedCandle",b.8,b.8,b.8,b.8,b.8,b.8,b.8,b.8,b.8,,,,,
,w.w,,b.8,b.8,b.8,b.8,b.8,b.8,b.8,b.8,b.8,b.8,w.e,,,,
,,,"b.8,e.BladeTrap",b.8,b.8,b.8,b.8,b.8,b.8,b.8,b.8,"b.8,e.BladeTrap",,,,,
,w.osw,,w.s,,w.isw,,b.8,b.8,w.ise,,w.s,,w.ose,,,,
,,,,,,,b.8,b.8,,,,,,,,,
,,,,,w.w,,b.8,b.8,w.e,,,,,,,,
,,,,,,,b.8,b.8,,,,,,,,,
,,,,,w.w,,b.8,b.8,w.e,,,,,,,,
,,,,,,,b.8,b.8,,,,,,,,,
,,,,,w.osw,,"w.es, p.10",,w.ose,,,,,,,,
,,,,,,,,,,,,,,,,,
end.room,,,,,,,,,,,,,,,,,
"room.4, (4,2), ns",,,,,,,,,,,,,,,,,
,,,,,w.onw,,"w.en,p.5",,w.one,,,,,,,,
,,,,,,,,,,,,,,,,,
,,,,,w.w,,b.0,b.0,w.e,,,,,,,,
,,,,,,,b.0,b.0,,,,,,,,,
,w.onw,,w.n,,w.inw,,b.0,b.0,w.ine,,w.n,,w.one,,,,
,,,,,,,b.0,b.0,,,,,,,,,
,w.w,,b.8,b.8,b.8,b.8,b.0,b.0,b.8,b.8,b.8,b.8,w.e,,,,
,,,b.8,"b.8, i.Fairy",b.8,b.8,b.0,b.0,b.8,b.8,"b.8, i.Fairy",b.8,,,,,
,w.w,,b.8,b.8,b.8,b.8,b.0,b.0,b.8,b.8,b.8,b.8,w.e,,,,
,,,b.8,b.8,"b.8, e.Dodongo",b.8,b.0,b.0,b.8,"b.8, e.Stalfos",b.8,b.8,,,,,
,w.w,,b.8,b.8,b.8,b.8,b.0,b.0,b.8,b.8,b.8,b.8,w.e,,,,
,,,b.8,b.8,b.8,b.8,b.0,b.0,b.8,b.8,b.8,b.8,,,,,
,w.w,,b.8,"b.8, i.Bomb",b.8,b.8,b.0,b.0,b.8,b.8,"b.8, i.Bomb",b.8,w.e,,,,
,,,b.8,b.8,b.8,b.8,b.0,b.0,b.8,b.8,b.8,b.8,,,,,
,w.osw,,w.s,,w.isw,,b.0,b.0,w.ise,,w.s,,w.ose,,,,
,,,,,,,b.0,b.0,,,,,,,,,
,,,,,w.w,,b.0,b.0,w.e,,,,,,,,
,,,,,,,b.0,b.0,,,,,,,,,
,,,,,w.osw,,"w.es, p.4",,w.ose,,,,,,,,
,,,,,,,,,,,,,,,,,
end.room,,,,,,,,,,,,,,,,,
"room.5, (3,4), es",,,,,,,,,,,,,,,,,
,w.onw,,w.n,,w.n,,w.n,,w.n,,w.n,,w.one,,,,
,,,,,,,,,,,,,,,,,
,w.w,,b.0,b.0,b.0,b.0,b.2,b.2,b.2,b.2,b.2,b.2,w.e,,,,
,,,b.0,b.0,b.0,b.0,b.0,b.2,b.2,b.2,b.2,b.2,,,,,
,w.w,,b.0,b.0,b.0,b.0,b.0,b.0,b.2,b.2,b.2,b.2,w.e,,,,
,,,b.0,b.0,b.0,b.0,b.0,b.0,b.0,b.2,b.2,b.2,,,,,
,w.w,,b.0,b.0,b.0,b.0,b.0,b.0,"b.0,e.Aquamentus","b.0,i.HeartContainerItem",b.0,b.0,"w.ee,p.6",,,,
,,,b.0,b.0,b.0,b.0,b.0,b.0,b.0,"b.0,i.HeartContainerItem",b.0,b.0,,,,,
,w.w,,b.0,b.0,b.0,b.0,b.0,b.0,b.0,b.2,b.2,b.2,w.e,,,,
,,,b.0,b.0,b.0,b.0,b.0,b.0,b.2,b.2,b.2,b.2,,,,,
,w.w,,b.0,b.0,b.0,b.0,b.0,b.2,b.2,b.2,b.2,b.2,w.e,,,,
,,,b.0,b.0,b.0,b.0,b.2,b.2,b.2,b.2,b.2,b.2,,,,,
,w.osw,,"w.es,p.11",,w.s,,w.s,,w.s,,w.s,,w.ose,,,,
,,,,,,,,,,,,,,,,,
end.room,,,,,,,,,,,,,,,,,
"room.22, (7,6), s",,,,,,,,,,,,,,,,,
,w.onw,,w.n,,w.n,,w.n,,w.n,,w.n,,w.n,w.one,,,
,,,,,,,,,,,,,,,,,
,w.w,,b.0,b.0,b.0,b.0,b.0,b.0,b.0,b.0,b.0,b.0,b.0,w.e,,,
,,,b.0,b.0,b.0,b.0,b.0,b.0,b.0,b.0,b.0,b.0,b.0,,,,
,w.w,,b.0,b.0,b.0,b.0,b.0,b.0,b.0,b.0,b.0,b.0,b.0,w.e,,,
,,,b.0,b.0,b.0,b.2,b.2,b.2,b.2,b.2,b.0,b.0,b.0,,,,
,w.w,,b.0,b.0,b.0,b.2,b.0,b.0,b.0,b.2,b.0,b.0,b.0,w.e,,,
,,,b.0,b.0,b.0,b.2,b.0,"b.0,i.TriforcePiece",b.0,b.2,b.0,b.0,b.0,,,,
,w.w,,b.0,b.0,b.0,b.2,b.0,b.0,b.0,b.2,b.0,b.0,b.0,w.e,,,
,,,b.0,b.0,b.0,b.2,b.2,b.0,b.2,b.2,b.0,b.0,b.0,,,,
,w.w,,b.0,b.0,b.0,b.0,b.0,b.0,b.0,b.0,b.0,b.0,b.0,w.e,,,
,,,b.0,b.0,b.0,b.0,b.0,b.0,b.0,b.0,b.0,b.0,b.0,,,,
,w.w,,b.0,b.0,b.0,b.0,b.0,b.0,b.0,b.0,b.0,b.0,b.0,w.e,,,
,w.osw,,w.s,,w.s,,"w.es,p.26",,w.s,,w.s,,w.s,w.ose,,,
,,,,,,,,,,,,,,,,,
end.room,,,,,,,,,,,,,,,,,
"room.7, (5,2), ns",,,,,,,,,,,,,,,,,
,w.onw,,w.n,,w.n,,"w.en,p.8",,w.n,,w.n,,w.one,,,,
,,,,,,,,,,,,,,,,,
,w.w,,b.1,b.1,b.1,b.1,b.0,b.0,b.1,b.1,b.1,b.1,w.e,,,,
,,,b.1,b.1,b.1,b.1,b.0,b.0,b.1,b.1,b.1,b.1,,,,,
,w.w,,b.1,b.1,b.1,b.1,b.0,b.0,b.1,b.1,b.1,b.1,w.e,,,,
,,,b.1,b.1,b.0,b.0,b.0,b.0,b.0,b.0,b.1,b.1,,,,,
,w.w,,b.1,b.1,b.0,"b.0,e.Rope",b.0,b.0,"b.0,e.Keese",b.0,b.1,b.1,w.e,,,,
,,,"b.0,i.Rupy",b.0,b.0,b.0,b.0,b.0,b.0,b.0,b.0,"b.0,i.Heart",,,,,
,w.w,,"b.0,i.Rupy",b.0,b.0,b.0,b.0,b.0,b.0,b.0,b.0,"b.0,i.Heart",w.e,,,,
,,,b.1,b.1,b.0,"b.0,e.Zol",b.0,b.0,"b.0,e.Wallmaster",b.0,b.1,b.1,,,,,
,w.w,,b.1,b.1,b.0,b.0,b.0,b.0,b.0,b.0,b.1,b.1,w.e,,,,
,,,b.1,b.1,b.1,b.1,b.0,b.0,b.1,b.1,b.1,b.1,,,,,
,w.w,,b.1,b.1,b.1,b.1,b.0,b.0,b.1,b.1,b.1,b.1,w.e,,,,
,,,b.1,b.1,b.1,b.1,b.0,b.0,b.1,b.1,b.1,b.1,,,,,
,w.osw,,w.s,,w.s,,"w.es,p.7",,w.s,,w.s,,w.ose,,,,
,,,,,,,,,,,,,,,,,
end.room,,,,,,,,,,,,,,,,,
"room.8, (5,3), s",,,,,,,,,,,,,,,,,
,w.onw,,w.n,,w.n,,w.one,,,,,,,,,,
,,,,,,,,,,,,,,,,,
,w.w,,"b.0,i.BlueCandle","b.0,i.Rupy","b.0,i.Rupy","b.0, i.BlueCandle",w.e,,,,,,,,,,
,,,"b.0,i.BluePotion","b.0,i.Rupy","b.0,i.Rupy","b.0, i.BlueKey",,,,,,,,,,,
,w.osw,,w.s,,"w.es,p.8",,w.ose,,,,,,,,,,
,,,,,,,,,,,,,,,,,
end.room,,,,,,,,,,,,,,,,,
"room.9, (4,0), n",,,,,,,,,,,,,,,,,
,w.onw,,"w.en, p.10",,w.n,,w.n,,w.n,,w.n,,w.n,,w.n,,w.one
,,,,,,,,,,,,,,,,,
,w.w,,b.6,b.6,b.6,b.6,b.6,b.6,b.6,b.6,b.6,b.6,b.6,b.6,b.6,b.6,w.e
,,,b.6,b.6,b.6,"b.6, e.Wallmaster",b.6,b.6,b.6,"b.6, e.Wallmaster",b.6,b.6,b.6,"b.6, i.Rupy","b.6, b.4",b.6,
,w.w,,b.6,b.6,b.6,b.6,b.6,b.6,b.6,b.6,b.6,b.6,b.6,"b.6, i.Rupy","b.6, b.5",b.6,w.e
,,,b.6,b.6,b.6,b.6,b.6,b.6,b.6,b.6,b.6,b.6,b.6,b.6,b.6,b.6,
,w.osw,,w.s,,w.s,,w.s,,w.s,,w.s,,w.s,,w.s,,w.ose
,,,,,,,,,,,,,,,,,
end.room,,,,,,,,,,,,,,,,,
"room.10,(4,3),sw",,,,,,,,,,,,,,,,,
,w.onw,,w.n,,w.n,,w.n,,w.one,,,,,,,,
,,,,,,,,,,,,,,,,,
,"w.ew, p.17",,b.0,b.0,b.0,b.0,b.0,"b.0, i.Rupy",w.e,,,,,,,,
,,,b.0,b.0,b.0,b.0,b.0,b.0,,,,,,,,,
,w.osw,,w.s,,w.isw,,b.0,b.0,w.e,,,,,,,,
,,,,,,,b.0,b.6,,,,,,,,,
,w.onw,,w.n,,w.inw,,b.6,b.6,w.e,,,,,,,,
,,,,,,,b.6,b.6,,,,,,,,,
,w.w,,"b.6, e.Rope",b.6,b.6,"b.6, e.Keese",b.6,b.6,w.e,,,,,,,,
,,,b.6,b.6,"b.6, e.Keese",b.6,b.6,"b.6, e.Rope",,,,,,,,,
,w.w,,b.6,b.6,w.ise,,w.s,,w.ose,,,,,,,,
,,,b.6,b.6,,,,,,,,,,,,,
,w.w,,b.6,b.0,w.ine,,w.n,,w.one,,,,,,,,
,,,b.0,b.0,,,,,,,,,,,,,
,w.w,,b.0,b.0,b.0,b.0,b.0,b.0,w.e,,,,,,,,
,,,"b.0, i.Rupy",b.0,b.0,b.0,b.0,b.0,,,,,,,,,
,w.osw,,w.s,,w.s,,"w.es, p.5",,w.ose,,,,,,,,
,,,,,,,,,,,,,,,,,
end.room,,,,,,,,,,,,,,,,,
"room.11,(3,3),ne",,,,,,,,,,,,,,,,,
,w.onw,,"w.en, p.11",,w.one,,,,,,,,,,,,
,,,,,,,,,,,,,,,,,
,w.w,,b.0,b.0,"w.ee, p.17",,,,,,,,,,,,
,,,b.0,b.0,,,,,,,,,,,,,
,w.osw,,w.s,,w.ose,,,,,,,,,,,,
,,,,,,,,,,,,,,,,,
end.room,,,,,,,,,,,,,,,,,
"room.12, (4,4), new",,,,,,,,,,,,,,,,,
,w.onw,,w.n,,w.n,,"w.en,p.13",,w.n,,w.n,,w.one,,,,
,,,,,,,,,,,,,,,,,
,w.w,,b.1,b.1,b.1,b.1,b.0,b.0,b.1,b.1,b.1,b.1,w.e,,,,
,,,b.1,b.1,b.1,b.1,b.0,b.0,b.1,b.1,b.1,b.1,,,,,
,w.w,,b.1,b.1,b.1,b.1,b.0,b.0,b.1,b.1,b.1,b.1,w.e,,,,
,,,b.0,b.0,b.0,b.0,b.0,b.0,b.0,b.0,b.0,b.0,,,,,
,"w.ew,p.6",,b.0,b.0,b.3,b.3,b.3,b.3,b.3,"b.0,e.Keese",b.0,b.0,"w.ee,p.16",,,,
,,,"b.0,i.Rupy",b.0,b.3,b.0,b.0,b.0,b.3,b.0,b.0,"b.0,i.Heart",,,,,
,w.w,,"b.0,i.Rupy",b.0,b.3,b.0,"b.0,i.Key",b.0,b.3,b.0,b.0,"b.0,i.Heart",w.e,,,,
,,,b.1,"b.0,e.Zol",b.3,b.0,b.0,b.0,b.3,"b.0,e.Wallmaster",b.0,b.1,,,,,
,w.w,,b.1,b.0,b.3,b.3,b.0,b.3,b.3,b.0,b.0,b.1,w.e,,,,
,,,b.1,b.0,b.0,b.0,b.0,b.0,b.0,b.0,b.0,b.1,,,,,
,w.w,,b.1,b.0,b.0,b.0,b.0,b.0,b.0,b.0,b.0,b.1,w.e,,,,
,,,b.1,b.0,b.0,b.0,b.0,b.0,b.0,b.0,b.0,b.1,,,,,
,w.osw,,w.s,,w.s,,w.s,,w.s,,w.s,,w.ose,,,,
,,,,,,,,,,,,,,,,,
end.room,,,,,,,,,,,,,,,,,
"room.13, (4,5), sw",,,,,,,,,,,,,,,,,
,w.onw,,w.n,,w.n,,w.n,,w.n,,w.n,,w.one,,,,
,,,,,,,,,,,,,,,,,
,w.w,,b.0,b.0,b.0,b.0,b.0,b.0,b.0,b.0,b.0,b.0,w.e,,,,
,,,b.0,b.0,b.0,b.0,b.0,b.0,b.0,b.0,b.0,b.0,,,,,
,w.w,,b.0,b.0,b.0,b.0,b.0,b.0,b.0,b.0,b.0,b.0,w.e,,,,
,,,b.0,b.0,b.0,b.0,b.0,b.0,b.0,b.0,b.0,b.0,,,,,
,"w.ew,w.lw,p.14,l.1",,b.0,b.0,b.0,b.0,b.0,b.0,b.0,b.0,b.0,b.0,w.e,,,,
,,,b.0,b.0,b.0,b.0,b.0,"b.0,e.Gel",b.0,b.0,b.0,b.0,,,,,
,w.w,,b.0,b.0,b.0,b.0,b.0,b.0,b.0,b.0,b.0,b.0,w.e,,,,
,,,b.0,b.0,"b.0,e.Zol",b.0,b.0,b.0,b.0,b.0,b.0,b.0,,,,,
,w.w,,b.0,b.0,b.0,b.0,b.0,b.0,b.0,b.0,b.0,b.0,w.e,,,,
,,,b.0,b.0,b.0,b.0,b.0,b.0,b.0,b.0,b.0,b.0,,,,,
,w.w,,b.0,b.0,b.0,b.0,b.0,b.0,b.0,b.0,b.0,b.0,w.e,,,,
,,,b.0,b.0,b.0,b.0,b.0,b.0,b.0,b.0,b.0,b.0,,,,,
,w.osw,,w.s,,w.s,,"w.es,p.13",,w.s,,w.s,,w.ose,,,,
,,,,,,,,,,,,,,,,,
end.room,,,,,,,,,,,,,,,,,
"room.14, (5,4), w",,,,,,,,,,,,,,,,,
,w.onw,,w.n,,w.n,,w.n,,w.n,,w.n,,w.one,,,,
,,,,,,,,,,,,,,,,,
,w.w,,b.8,b.8,b.8,b.8,b.8,b.8,b.8,b.8,b.8,b.8,w.e,,,,
,,,b.8,b.8,b.8,b.8,b.8,b.8,b.8,b.8,b.8,b.8,,,,,
,w.w,,b.8,b.8,b.8,b.8,"b.8,e.Rope",b.8,b.8,b.8,b.8,b.8,w.e,,,,
,,,b.8,b.8,b.8,b.8,b.8,b.8,"b.8,i.Ruby",b.8,b.8,b.8,,,,,
,"w.ew,p.16",,b.8,b.8,b.8,b.8,b.8,b.8,b.8,b.8,b.8,b.8,w.e,,,,
,,,b.8,b.8,b.8,b.8,"b.8,e.Rope",b.8,b.8,b.8,"b.8,i.BlueKey",b.8,,,,,
,w.w,,b.8,b.8,b.8,b.8,b.8,b.8,b.8,b.8,b.8,b.8,w.e,,,,
,,,b.8,"b.8,e.Zol",b.8,b.8,b.8,b.8,"b.8,e.Dodongo",b.8,b.8,b.8,,,,,
,w.w,,b.8,b.8,b.8,b.8,b.8,b.8,b.8,b.8,b.8,b.8,w.e,,,,
,,,b.8,b.8,b.8,b.8,b.8,b.8,b.8,b.8,b.8,b.8,,,,,
,w.w,,b.8,b.8,b.8,b.8,b.8,b.8,b.8,b.8,b.8,b.8,w.e,,,,
,,,b.8,b.8,b.8,b.8,b.8,b.8,b.8,b.8,b.8,b.8,,,,,
,w.osw,,w.s,,w.s,,w.s,,w.s,,w.s,,w.ose,,,,
,,,,,,,,,,,,,,,,,
end.room,,,,,,,,,,,,,,,,,
"room.15, (3,5), ne",,,,,,,,,,,,,,,,,
,w.onw,,w.n,,w.n,,"w.en,p.20",,w.n,,w.n,,w.one,,,,
,,,,,,,,,,,,,,,,,
,w.w,,b.8,b.8,b.8,b.8,b.8,b.8,b.8,b.8,b.8,"b.8,e.BladeTrap",w.e,,,,
,,,b.8,b.8,"b.8,e.Goriya",b.8,b.8,b.8,b.8,b.8,b.8,b.8,,,,,
,w.w,,b.8,b.8,b.8,"b.8,e.Darknut",b.8,b.8,b.8,b.8,b.8,b.8,w.e,,,,
,,,b.8,"b.8,e.Zol",b.8,b.8,b.8,b.8,b.8,b.8,b.8,b.8,,,,,
,w.w,,b.8,b.8,"b.8,i.CagedKirby",b.8,b.8,b.8,b.8,b.8,b.8,b.8,"w.ee,p.14",,,,
,,,b.8,b.8,b.8,b.8,b.8,b.8,b.8,b.8,b.8,b.8,,,,,
,w.w,,b.8,b.8,b.8,b.8,b.8,b.8,b.8,b.8,b.8,b.8,w.e,,,,
,,,b.8,"b.8,e.Zol",b.8,"b.8,e.Darknut",b.8,b.8,b.8,b.8,b.8,b.8,,,,,
,w.w,,b.8,b.8,b.8,b.8,b.8,b.8,b.8,b.8,b.8,b.8,w.e,,,,
,,,b.8,b.8,"b.8,e.Goriya",b.8,b.8,b.8,b.8,b.8,b.8,b.8,,,,,
,w.w,,b.8,b.8,b.8,b.8,b.8,b.8,b.8,b.8,b.8,b.8,w.e,,,,
,,,b.8,b.8,b.8,b.8,b.8,b.8,b.8,b.8,b.8,"b.8,e.BladeTrap",,,,,
,w.osw,,w.s,,w.s,,w.s,,w.s,,w.s,,w.ose,,,,
,,,,,,,,,,,,,,,,,
end.room,,,,,,,,,,,,,,,,,
"room.16, (3,6), es",,,,,,,,,,,,,,,,,
,w.onw,,w.n,,w.n,,w.n,,w.n,,w.n,,w.one,,,,
,,,,,,,,,,,,,,,,,
,w.w,,b.0,b.0,b.0,b.0,b.0,b.0,b.0,b.0,b.0,b.0,w.e,,,,
,,,b.0,b.0,b.0,b.0,b.0,b.0,b.0,b.0,b.0,b.0,,,,,
,w.w,,b.0,b.0,b.0,b.0,b.0,b.0,b.0,b.0,b.0,b.0,w.e,,,,
,,,b.0,b.0,b.0,b.0,b.0,"b.0,e.Stalfos",b.0,"b.0, e.Goriya",b.0,b.0,,,,,
,w.w,,b.0,"b.0,i.Fairy",b.0,b.0,b.0,b.0,b.0,b.0,b.0,b.0,"w.ee,p.21",,,,
,,,b.0,b.0,b.0,b.0,"b.0,i.BluePotion",b.0,b.0,b.0,b.0,b.0,,,,,
,w.w,,b.0,b.0,b.0,b.0,b.0,b.0,b.0,b.0,b.0,b.0,w.e,,,,
,,,b.0,b.0,"b.0,e.Stalfos",b.0,b.0,b.0,b.0,"b.0, e.Goriya",b.0,b.0,,,,,
,w.w,,b.0,b.0,b.0,b.0,b.0,b.0,b.0,b.0,b.0,b.0,w.e,,,,
,,,b.0,b.0,b.0,b.0,b.0,b.0,b.0,b.0,b.0,b.0,,,,,
,w.w,,b.0,b.0,b.0,b.0,b.0,b.0,b.0,b.0,b.0,b.0,w.e,,,,
,,,b.0,"b.0,e.BladeTrap",b.0,b.0,b.0,b.0,b.0,b.0,b.0,b.0,,,,,
,w.osw,,w.s,,w.s,,"w.es,p.20",,w.s,,w.s,,w.ose,,,,
,,,,,,,,,,,,,,,,,
end.room,,,,,,,,,,,,,,,,,
"room.17, (4,6), ew",,,,,,,,,,,,,,,,,
,w.onw,,w.n,,w.n,,w.n,,w.n,,w.n,,w.one,,,,
,,,,,,,,,,,,,,,,,
,w.w,,b.0,b.0,b.1,b.1,b.0,b.0,b.0,b.0,b.1,b.0,w.e,,,,
,,,b.0,b.0,b.1,b.1,"b.0, e.Goriya",b.0,b.0,b.0,b.1,b.0,,,,,
,w.w,,b.0,b.0,b.1,b.1,b.0,b.0,b.0,b.0,b.1,b.0,w.e,,,,
,,,b.0,b.0,b.1,b.1,b.0,b.1,b.1,b.0,b.1,b.0,,,,,
,"w.ew,p.21",,b.0,"b.0,e.Dodongo",b.1,b.1,b.0,b.1,b.1,b.0,b.1,b.0,"w.ee,p.22",,,,
,,,b.0,b.0,b.1,b.1,b.0,b.1,b.1,b.0,b.1,"b.0,e.Stalfos",,,,,
,w.w,,b.0,b.0,b.0,b.0,b.0,b.1,b.1,b.0,b.0,b.0,w.e,,,,
,,,b.0,b.0,b.0,b.0,b.0,b.1,b.1,b.0,b.0,b.0,,,,,
,w.w,,b.0,b.0,b.0,b.0,b.0,b.1,b.1,"b.0,e.Stalfos",b.0,b.0,w.e,,,,
,,,b.0,b.0,b.0,b.0,b.0,b.1,b.1,b.0,b.0,b.0,,,,,
,w.w,,b.0,b.0,b.0,b.0,b.0,b.1,b.1,b.0,b.0,b.0,w.e,,,,
,,,b.0,b.0,b.0,b.0,b.0,b.1,b.1,b.0,"b.0,i.HeartContainer",b.0,,,,,
,w.osw,,w.s,,w.s,,w.s,,w.s,,w.s,,w.ose,,,,
,,,,,,,,,,,,,,,,,
end.room,,,,,,,,,,,,,,,,,
"room.18, (5,6), sw",,,,,,,,,,,,,,,,,
,w.onw,,w.n,,w.n,,w.n,,w.n,,w.n,,w.one,,,,
,,,,,,,,,,,,,,,,,
,w.w,,b.0,b.0,b.0,b.0,b.0,b.0,b.0,b.0,b.0,b.0,w.e,,,,
,,,b.0,b.0,b.0,b.0,"b.0, e.Goriya",b.0,b.0,b.0,b.0,b.0,,,,,
,w.w,,b.0,b.0,b.1,b.1,b.0,b.0,b.1,b.1,b.0,"b.0,i.HeartContainer",w.e,,,,
,,,b.0,b.0,b.1,b.1,b.0,b.0,b.1,b.1,b.0,b.0,,,,,
,"w.ew,p.22",,b.0,"b.0,e.Dodongo",b.1,b.1,b.0,b.0,b.1,b.1,b.0,b.0,w.e,,,,
,,,b.0,b.0,b.0,b.0,b.0,b.0,b.0,b.0,b.0,"b.0,e.Stalfos",,,,,
,w.w,,b.0,b.0,b.0,b.0,b.0,b.0,b.0,b.0,b.0,b.0,w.e,,,,
,,,b.0,b.0,b.1,b.1,b.0,b.0,b.1,b.1,b.0,b.0,,,,,
,w.w,,b.0,b.0,b.1,b.1,b.0,b.0,b.1,b.1,b.0,b.0,w.e,,,,
,,,b.0,b.0,b.1,b.1,b.0,b.0,b.1,b.1,b.0,b.0,,,,,
,w.w,,b.0,b.0,b.0,b.0,b.0,b.0,b.0,"b.0,e.Stalfos",b.0,b.0,w.e,,,,
,,,b.0,b.0,b.0,b.0,b.0,b.0,b.0,b.0,b.0,b.0,,,,,
,w.osw,,w.s,,w.s,,"w.es,p.23",,w.s,,w.s,,w.ose,,,,
,,,,,,,,,,,,,,,,,
end.room,,,,,,,,,,,,,,,,,
"room.19, (5,5), ne",,,,,,,,,,,,,,,,,
,w.onw,,w.n,,w.n,,"w.en,p.23",,w.n,,w.n,,w.one,,,,
,,,,,,,,,,,,,,,,,
,w.w,,b.0,b.0,b.1,b.1,b.0,b.0,b.1,b.0,b.0,b.0,w.e,,,,
,,,b.0,b.0,b.1,b.1,"b.0, e.Goriya",b.0,b.1,b.0,b.0,b.0,,,,,
,w.w,,b.0,b.0,b.1,b.1,b.0,b.0,b.1,"b.0,i.Heart",b.0,b.0,w.e,,,,
,,,b.0,b.0,b.1,b.1,b.0,b.0,b.1,b.0,b.0,b.0,,,,,
,w.w,,b.0,b.0,b.1,b.1,b.0,b.0,b.1,b.0,b.0,b.0,"w.ee,p.24",,,,
,,,b.0,b.0,b.1,b.1,b.0,b.0,b.0,b.0,b.0,"b.0,e.Stalfos",,,,,
,w.w,,b.0,b.0,b.0,b.0,b.0,b.0,b.0,b.0,b.0,b.0,w.e,,,,
,,,b.0,b.0,b.0,b.0,b.1,b.1,b.0,"b.0,e.Dodongo",b.0,b.0,,,,,
,w.w,,b.0,b.0,b.0,b.0,b.1,b.1,b.0,b.0,b.0,b.0,w.e,,,,
,,,b.0,"b.0,e.Dodongo",b.0,b.0,b.1,b.1,"b.0,e.Stalfos",b.0,b.0,b.0,,,,,
,w.w,,b.0,b.0,b.0,b.0,b.1,b.1,b.0,"b.0,i.Heart",b.0,b.0,w.e,,,,
,,,b.0,b.0,b.0,b.0,b.1,b.1,b.0,b.0,b.0,b.0,,,,,
,w.osw,,w.s,,w.s,,w.s,,w.s,,w.s,,w.ose,,,,
,,,,,,,,,,,,,,,,,
end.room,,,,,,,,,,,,,,,,,
"room.20, (6,5), ew",,,,,,,,,,,,,,,,,
,w.onw,,w.n,,w.n,,w.n,,w.one,,,,,,,,
,,,,,,,,,,,,,,,,,
,w.w,,b.0,b.0,b.0,b.0,b.0,b.0,w.e,,,,,,,,
,,,b.0,b.0,b.0,b.0,"b.0,i.Heart","b.0,i.Heart",,,,,,,,,
,w.w,,b.0,b.0,b.0,b.0,"b.0,i.Heart","b.0,i.Heart",w.e,,,,,,,,
,,,b.0,b.0,"b.0,i.Ruby","b.0,i.Ruby",b.0,b.0,,,,,,,,,
,"w.ew,p.24",,b.0,b.0,"b.0,i.Ruby","b.0,i.Ruby",b.0,b.0,"w.ee,p.25",,,,,,,,
,,,b.0,b.0,b.0,b.0,"b.0,i.Heart","b.0,i.Heart",,,,,,,,,
,w.w,,b.0,b.0,b.0,b.0,"b.0,i.Heart","b.0,i.Heart",w.e,,,,,,,,
,,,b.0,b.0,b.0,b.0,b.0,b.0,,,,,,,,,
,w.osw,,w.s,,w.s,,w.s,,w.ose,,,,,,,,
,,,,,,,,,,,,,,,,,
,,,,,,,,,,,,,,,,,
,,,,,,,,,,,,,,,,,
,,,,,,,,,,,,,,,,,
,,,,,,,,,,,,,,,,,
end.room,,,,,,,,,,,,,,,,,
"room.21, (7,5), nw",,,,,,,,,,,,,,,,,
,w.onw,,w.n,,w.n,,"w.en,w.dn,p.26,l.2",,w.n,,w.n,,w.one,,,,
,,,,,,,,,,,,,,,,,
,w.w,,b.0,b.0,b.0,b.1,b.0,b.0,b.0,b.0,b.0,b.0,w.e,,,,
,,,b.0,b.0,b.0,b.1,"b.0, e.Goriya",b.0,b.0,b.0,b.0,b.0,,,,,
,w.w,,b.0,b.0,b.0,"b.0,e.Stalfos",b.0,b.0,b.0,b.0,b.0,b.0,w.e,,,,
,,,b.0,b.0,b.0,b.0,b.0,b.0,b.0,b.0,b.0,b.0,,,,,
,"w.ew,p.25",,b.0,"b.0,e.Dodongo",b.0,b.0,b.0,b.0,b.0,b.0,b.0,b.0,w.e,,,,
,,,b.0,b.0,b.0,b.0,b.0,b.0,b.0,b.0,"b.0,e.Aquamentus",b.0,,,,,
,w.w,,b.0,b.0,b.0,b.0,b.0,b.0,b.0,b.0,b.0,b.0,w.e,,,,
,,,b.0,b.0,b.0,b.0,b.1,b.1,b.0,b.0,b.0,b.0,,,,,
,w.w,,b.0,b.0,b.0,b.0,b.1,b.1,b.0,b.0,"b.0,i.HeartContainer",b.0,w.e,,,,
,,,b.0,b.0,b.0,b.0,b.1,b.1,"b.0,e.Stalfos",b.0,"b.0,i.Heart",b.0,,,,,
,w.w,,b.0,b.0,b.0,b.0,b.1,b.1,b.0,b.0,b.0,b.0,w.e,,,,
,,,b.0,b.0,b.0,b.0,b.1,b.1,b.0,b.0,b.0,b.0,,,,,
,w.osw,,w.s,,w.s,,w.s,,w.s,,w.s,,w.ose,,,,
,,,,,,,,,,,,,,,,,
end.room,,,,,,,,,,,,,,,,,
,,,,,,,,,,,,,,,,,
end.room,,,,,,,,,,,,,,,,,